INSERT INTO projects (id, title, category, funding_goal, start_date, end_date) VALUES
(1, "Tilt Five", "Gaming Hardware", 450000.00, "2019-09-24", "2019-10-29"),
(2, "A Dozen Sinister Rumors", "Tabletop Games", 75.00, "2019-10-06", "2019-10-17"),
(3, "Agon", "Tabletop Games", 10000.00, "2019-09-25", "2019-10-25"),
(4, "Visigoths vs Mall Goths", "Tabletop Games", 10000.00, "2019-10-01", "2019-10-31"),
(5, "Gameboard-1", "Gaming Hardware", 100000.00, "2019-10-10", "2019-11-23"),
(6, "Mochi Robot", "Gadgets", 50000.00, "2019-10-16", "2019-11-23"),
(7, "PrintPen", "Product Design", 30000.00, "2019-09-17", "2019-10-27"),
(8, "Readily", "Puzzles", 20376.00, "2019-10-14", "2019-11-15"),
(9, "The VOC Treasure - Escape Game", "Puzzles", 4500.00, "2019-05-14", "2019-08-15"),
(10, "Science Is For Me - Science Songs For Young Children", "Kids", 8555.00, "2019-01-05", "2019-11-01");

INSERT INTO users (id, name, age) 
VALUES (1, "Janae", 23), (2, "Kymmi", 24), (3, "Nathan", 26), (4, "Pat", 57), (5, "Laura", 39), (6, "Sean", 33), 
(7, "Noodle", 1), (8, "Ben", 36), (9, "Valerie", 62), (10, "Nik", 29), (11, "Daniel", 42), (12, "Duke", 420),
(13, "Sara", 41), (14, "Karen", 47), (15, "Scott", 45), (16, "Bryan", 101), (17, "Elisabeth", 59),
(18, "Lee", 51), (19, "Teresa", 60), (20, "Jaclyn", 23);

INSERT INTO pledges (id, amount, user_id, project_id) VALUES
(1, 100.00, 10, 1),
(2, 75.00, 6, 2),
(3, 21.50, 2, 3),
(4, 34.00, 2, 4),
(5, 100.00, 6, 5),
(6, 6.00, 4, 6),
(7, 10.00, 3, 7),
(8, 49.30, 6, 8),
(9, 12.00, 6, 9),
(10, 50.00, 10, 10),
(11, 50.00, 1, 11),
(12, 33.00, 5, 12),
(13, 100.00, 5, 13),
(14, 150.00, 1, 14),
(15, 200.00, 7, 15),
(16, 100.00, 9, 16),
(17, 75.00, 8, 17),
(18, 15.00, 8, 18),
(19, 62.00, 9, 19),
(20, 51.00, 6, 20),
(21, 50.00, 1, 5),
(22, 100.00, 3, 10),
(23, 57.95, 6, 16),
(24, 202.00, 1, 12),
(25, 75.50, 4, 18),
(26, 105.00, 2, 3),
(27, 101.10, 8, 7),
(28, 420.51, 4, 19),
(29, 101.05, 7, 7),
(30, 10.00, 7, 7);

